Clustering,Silhouette Score,Davies-Bouldin Index
GMM,0.07081415291758936,1.5930493266366175
Hierarchical,0.5197301089002873,0.6030128960855521
KMeans,0.5170234580019758,0.561330629846842
