PCA_Component,Explained_Variance_Ratio
PC1,0.5011017556320796
PC2,0.4988982443679205
